Workbook

Sheet Data
A1: DEWA Energy Consumption Data (2008-2025)
A2: Source: Dubai Statistics Center / DEWA, via data.dubai | D2: Link To Dataset
A4: Year | B4: Comm_Energy_GWh | C4: Comm_Customers | D4: Ind_Energy_GWh | E4: Ind_Customers | F4: Other_Energy_GWh | G4: Other_Customers | H4: PowerStation_Aux_GWh | I4: Resi_Energy_GWh | J4: Resi_Customers | K4: Total_Requirement_GWh
A5: 2008 | B5: 12007 | C5: 126539 | D5: 2636 | E5: 1998 | F5: 4996 | G5: 5430 | I5: 8293 | J5: 333681 | K5: 29085
A6: 2009 | B6: 13383 | C6: 145845 | D6: 2540 | E6: 2140 | F6: 5342 | G6: 7617 | I6: 8791 | J6: 375391 | K6: 30986
A7: 2010 | B7: 15003 | C7: 150383 | D7: 2612 | E7: 2190 | F7: 5701 | G7: 6812 | I7: 9235 | J7: 421434 | K7: 33742
A8: 2011 | B8: 15681 | C8: 151560 | D8: 2524 | E8: 2283 | F8: 5986 | G8: 6572 | I8: 9307 | J8: 440516 | K8: 34606
A9: 2012 | B9: 16623 | C9: 155744 | D9: 2564 | E9: 2323 | F9: 6122 | G9: 6736 | I9: 9815 | J9: 459642 | K9: 36297
A10: 2013 | B10: 17326 | C10: 162255 | D10: 2596 | E10: 2387 | F10: 6291 | G10: 6878 | I10: 10077 | J10: 480680 | K10: 37478
A11: 2014 | B11: 18397 | C11: 168583 | D11: 2684 | E11: 2526 | F11: 6499 | G11: 7295 | I11: 10835 | J11: 499347 | K11: 39599
A12: 2015 | B12: 19263 | C12: 177186 | D12: 2776 | E12: 2636 | F12: 6977 | G12: 7317 | I12: 11724 | J12: 521009 | K12: 42006
A13: 2016 | B13: 19862 | C13: 185313 | D13: 2861 | E13: 2777 | F13: 7154 | G13: 7294 | I13: 11922 | J13: 557121 | K13: 43093
A14: 2017 | B14: 20818 | C14: 192597 | D14: 2914 | E14: 2862 | F14: 7250 | G14: 7415 | I14: 12795 | J14: 593890 | K14: 45162
A15: 2018 | B15: 21333 | C15: 199294 | D15: 2871 | E15: 2972 | F15: 3652 | G15: 8197 | H15: 3691 | I15: 13023 | J15: 634457 | K15: 45023
A16: 2019 | B16: 22223 | C16: 204646 | D16: 2548 | E16: 3020 | F16: 3702 | G16: 8805 | H16: 3763 | I16: 13144 | J16: 699152 | K16: 46704
A17: 2020 | B17: 21160 | C17: 208967 | D17: 2239 | E17: 2996 | F17: 3304 | G17: 10317 | H17: 3717 | I17: 13992 | J17: 767978 | K17: 45712
A18: 2021 | B18: 24205 | C18: 213892 | D18: 2387 | E18: 3035 | F18: 3548 | G18: 12984 | H18: 3840 | I18: 14853 | J18: 831565 | K18: 50401
A19: 2022 | B19: 25684 | C19: 226667 | D19: 2342 | E19: 3150 | F19: 4174 | G19: 17206 | H19: 4193 | I19: 15695 | J19: 869552 | K19: 53180
A20: 2023 | B20: 27368 | C20: 234166 | D20: 2489 | E20: 3220 | F20: 4588 | G20: 22439 | H20: 4318 | I20: 16724 | J20: 913806 | K20: 56516
A21: 2024 | B21: 28849 | C21: 240395 | D21: 2603 | E21: 3226 | F21: 4663 | G21: 26528 | H21: 4478 | I21: 17912 | J21: 955490 | K21: 59594
A22: 2025 | B22: 30050 | C22: 244973 | D22: 2819 | E22: 3221 | F22: 4629 | G22: 29839 | H22: 4703 | I22: 19252 | J22: 1003334 | K22: 62633

Sheet Analysis
A1: Energy Consumption Analysis
A2: All figures computed live from the Data sheet via formulas
A4: Year | B4: Resi_kWh_per_Customer | C4: Comm_kWh_per_Customer | D4: Ind_kWh_per_Customer | E4: Other_kWh_per_Customer | F4: Resi_Share_% | G4: Comm_Share_% | H4: Ind_Share_% | I4: Other_Share_% | J4: Resi_YoY_% | K4: Comm_YoY_% | L4: Ind_YoY_% | M4: Other_YoY_%
A5: =Data!A5 -> 2008 | B5: =IFERROR(Data!I5*1000000/Data!J5,"") -> 24853.078 | C5: =IFERROR(Data!B5*1000000/Data!C5,"") -> 94887.742 | D5: =IFERROR(Data!D5*1000000/Data!E5,"") -> 1319319.3 | E5: =IFERROR(Data!F5*1000000/Data!G5,"") -> 920073.66 | F5: =IFERROR(Data!I5/(Data!I5+Data!B5+Data!D5+Data!F5),"") -> 0.29689961 | G5: =IFERROR(Data!B5/(Data!I5+Data!B5+Data!D5+Data!F5),"") -> 0.42986539 | H5: =IFERROR(Data!D5/(Data!I5+Data!B5+Data!D5+Data!F5),"") -> 0.094372046 | I5: =IFERROR(Data!F5/(Data!I5+Data!B5+Data!D5+Data!F5),"") -> 0.17886295
A6: =Data!A6 -> 2009 | B6: =IFERROR(Data!I6*1000000/Data!J6,"") -> 23418.249 | C6: =IFERROR(Data!B6*1000000/Data!C6,"") -> 91761.802 | D6: =IFERROR(Data!D6*1000000/Data!E6,"") -> 1186915.9 | E6: =IFERROR(Data!F6*1000000/Data!G6,"") -> 701325.98 | F6: =IFERROR(Data!I6/(Data!I6+Data!B6+Data!D6+Data!F6),"") -> 0.29248736 | G6: =IFERROR(Data!B6/(Data!I6+Data!B6+Data!D6+Data!F6),"") -> 0.44526883 | H6: =IFERROR(Data!D6/(Data!I6+Data!B6+Data!D6+Data!F6),"") -> 0.084508917 | I6: =IFERROR(Data!F6/(Data!I6+Data!B6+Data!D6+Data!F6),"") -> 0.17773489 | J6: =IFERROR((Data!I6-Data!I5)/Data!I5,"") -> 0.060050645 | K6: =IFERROR((Data!B6-Data!B5)/Data!B5,"") -> 0.11459982 | L6: =IFERROR((Data!D6-Data!D5)/Data!D5,"") -> -0.036418816 | M6: =IFERROR((Data!F6-Data!F5)/Data!F5,"") -> 0.069255404
A7: =Data!A7 -> 2010 | B7: =IFERROR(Data!I7*1000000/Data!J7,"") -> 21913.277 | C7: =IFERROR(Data!B7*1000000/Data!C7,"") -> 99765.266 | D7: =IFERROR(Data!D7*1000000/Data!E7,"") -> 1192694.1 | E7: =IFERROR(Data!F7*1000000/Data!G7,"") -> 836905.46 | F7: =IFERROR(Data!I7/(Data!I7+Data!B7+Data!D7+Data!F7),"") -> 0.28370864 | G7: =IFERROR(Data!B7/(Data!I7+Data!B7+Data!D7+Data!F7),"") -> 0.4609075 | H7: =IFERROR(Data!D7/(Data!I7+Data!B7+Data!D7+Data!F7),"") -> 0.08024331 | I7: =IFERROR(Data!F7/(Data!I7+Data!B7+Data!D7+Data!F7),"") -> 0.17514055 | J7: =IFERROR((Data!I7-Data!I6)/Data!I6,"") -> 0.0505062 | K7: =IFERROR((Data!B7-Data!B6)/Data!B6,"") -> 0.12104909 | L7: =IFERROR((Data!D7-Data!D6)/Data!D6,"") -> 0.028346457 | M7: =IFERROR((Data!F7-Data!F6)/Data!F6,"") -> 0.067203295
A8: =Data!A8 -> 2011 | B8: =IFERROR(Data!I8*1000000/Data!J8,"") -> 21127.496 | C8: =IFERROR(Data!B8*1000000/Data!C8,"") -> 103463.97 | D8: =IFERROR(Data!D8*1000000/Data!E8,"") -> 1105562.9 | E8: =IFERROR(Data!F8*1000000/Data!G8,"") -> 910833.84 | F8: =IFERROR(Data!I8/(Data!I8+Data!B8+Data!D8+Data!F8),"") -> 0.27783748 | G8: =IFERROR(Data!B8/(Data!I8+Data!B8+Data!D8+Data!F8),"") -> 0.4681175 | H8: =IFERROR(Data!D8/(Data!I8+Data!B8+Data!D8+Data!F8),"") -> 0.075347782 | I8: =IFERROR(Data!F8/(Data!I8+Data!B8+Data!D8+Data!F8),"") -> 0.17869724 | J8: =IFERROR((Data!I8-Data!I7)/Data!I7,"") -> 0.0077964266 | K8: =IFERROR((Data!B8-Data!B7)/Data!B7,"") -> 0.045190962 | L8: =IFERROR((Data!D8-Data!D7)/Data!D7,"") -> -0.033690658 | M8: =IFERROR((Data!F8-Data!F7)/Data!F7,"") -> 0.04999123
A9: =Data!A9 -> 2012 | B9: =IFERROR(Data!I9*1000000/Data!J9,"") -> 21353.575 | C9: =IFERROR(Data!B9*1000000/Data!C9,"") -> 106732.84 | D9: =IFERROR(Data!D9*1000000/Data!E9,"") -> 1103745.2 | E9: =IFERROR(Data!F9*1000000/Data!G9,"") -> 908847.98 | F9: =IFERROR(Data!I9/(Data!I9+Data!B9+Data!D9+Data!F9),"") -> 0.27943856 | G9: =IFERROR(Data!B9/(Data!I9+Data!B9+Data!D9+Data!F9),"") -> 0.47326614 | H9: =IFERROR(Data!D9/(Data!I9+Data!B9+Data!D9+Data!F9),"") -> 0.07299852 | I9: =IFERROR(Data!F9/(Data!I9+Data!B9+Data!D9+Data!F9),"") -> 0.17429678 | J9: =IFERROR((Data!I9-Data!I8)/Data!I8,"") -> 0.054582572 | K9: =IFERROR((Data!B9-Data!B8)/Data!B8,"") -> 0.060072699 | L9: =IFERROR((Data!D9-Data!D8)/Data!D8,"") -> 0.015847861 | M9: =IFERROR((Data!F9-Data!F8)/Data!F8,"") -> 0.022719679
A10: =Data!A10 -> 2013 | B10: =IFERROR(Data!I10*1000000/Data!J10,"") -> 20964.051 | C10: =IFERROR(Data!B10*1000000/Data!C10,"") -> 106782.53 | D10: =IFERROR(Data!D10*1000000/Data!E10,"") -> 1087557.6 | E10: =IFERROR(Data!F10*1000000/Data!G10,"") -> 914655.42 | F10: =IFERROR(Data!I10/(Data!I10+Data!B10+Data!D10+Data!F10),"") -> 0.2776798 | G10: =IFERROR(Data!B10/(Data!I10+Data!B10+Data!D10+Data!F10),"") -> 0.4774318 | H10: =IFERROR(Data!D10/(Data!I10+Data!B10+Data!D10+Data!F10),"") -> 0.071534858 | I10: =IFERROR(Data!F10/(Data!I10+Data!B10+Data!D10+Data!F10),"") -> 0.17335354 | J10: =IFERROR((Data!I10-Data!I9)/Data!I9,"") -> 0.026693836 | K10: =IFERROR((Data!B10-Data!B9)/Data!B9,"") -> 0.042290802 | L10: =IFERROR((Data!D10-Data!D9)/Data!D9,"") -> 0.012480499 | M10: =IFERROR((Data!F10-Data!F9)/Data!F9,"") -> 0.027605358
A11: =Data!A11 -> 2014 | B11: =IFERROR(Data!I11*1000000/Data!J11,"") -> 21698.338 | C11: =IFERROR(Data!B11*1000000/Data!C11,"") -> 109127.25 | D11: =IFERROR(Data!D11*1000000/Data!E11,"") -> 1062549.5 | E11: =IFERROR(Data!F11*1000000/Data!G11,"") -> 890884.17 | F11: =IFERROR(Data!I11/(Data!I11+Data!B11+Data!D11+Data!F11),"") -> 0.28205128 | G11: =IFERROR(Data!B11/(Data!I11+Data!B11+Data!D11+Data!F11),"") -> 0.47890147 | H11: =IFERROR(Data!D11/(Data!I11+Data!B11+Data!D11+Data!F11),"") -> 0.069868541 | I11: =IFERROR(Data!F11/(Data!I11+Data!B11+Data!D11+Data!F11),"") -> 0.16917871 | J11: =IFERROR((Data!I11-Data!I10)/Data!I10,"") -> 0.0752208 | K11: =IFERROR((Data!B11-Data!B10)/Data!B10,"") -> 0.061814614 | L11: =IFERROR((Data!D11-Data!D10)/Data!D10,"") -> 0.033898305 | M11: =IFERROR((Data!F11-Data!F10)/Data!F10,"") -> 0.033063106
A12: =Data!A12 -> 2015 | B12: =IFERROR(Data!I12*1000000/Data!J12,"") -> 22502.49 | C12: =IFERROR(Data!B12*1000000/Data!C12,"") -> 108716.26 | D12: =IFERROR(Data!D12*1000000/Data!E12,"") -> 1053110.8 | E12: =IFERROR(Data!F12*1000000/Data!G12,"") -> 953532.87 | F12: =IFERROR(Data!I12/(Data!I12+Data!B12+Data!D12+Data!F12),"") -> 0.28777614 | G12: =IFERROR(Data!B12/(Data!I12+Data!B12+Data!D12+Data!F12),"") -> 0.47282769 | H12: =IFERROR(Data!D12/(Data!I12+Data!B12+Data!D12+Data!F12),"") -> 0.068139421 | I12: =IFERROR(Data!F12/(Data!I12+Data!B12+Data!D12+Data!F12),"") -> 0.17125675 | J12: =IFERROR((Data!I12-Data!I11)/Data!I11,"") -> 0.082048916 | K12: =IFERROR((Data!B12-Data!B11)/Data!B11,"") -> 0.047072892 | L12: =IFERROR((Data!D12-Data!D11)/Data!D11,"") -> 0.034277198 | M12: =IFERROR((Data!F12-Data!F11)/Data!F11,"") -> 0.073549777
A13: =Data!A13 -> 2016 | B13: =IFERROR(Data!I13*1000000/Data!J13,"") -> 21399.301 | C13: =IFERROR(Data!B13*1000000/Data!C13,"") -> 107180.82 | D13: =IFERROR(Data!D13*1000000/Data!E13,"") -> 1030248.5 | E13: =IFERROR(Data!F13*1000000/Data!G13,"") -> 980806.14 | F13: =IFERROR(Data!I13/(Data!I13+Data!B13+Data!D13+Data!F13),"") -> 0.28522213 | G13: =IFERROR(Data!B13/(Data!I13+Data!B13+Data!D13+Data!F13),"") -> 0.47517883 | H13: =IFERROR(Data!D13/(Data!I13+Data!B13+Data!D13+Data!F13),"") -> 0.068446614 | I13: =IFERROR(Data!F13/(Data!I13+Data!B13+Data!D13+Data!F13),"") -> 0.17115242 | J13: =IFERROR((Data!I13-Data!I12)/Data!I12,"") -> 0.016888434 | K13: =IFERROR((Data!B13-Data!B12)/Data!B12,"") -> 0.031095883 | L13: =IFERROR((Data!D13-Data!D12)/Data!D12,"") -> 0.030619597 | M13: =IFERROR((Data!F13-Data!F12)/Data!F12,"") -> 0.02536907
A14: =Data!A14 -> 2017 | B14: =IFERROR(Data!I14*1000000/Data!J14,"") -> 21544.394 | C14: =IFERROR(Data!B14*1000000/Data!C14,"") -> 108090.99 | D14: =IFERROR(Data!D14*1000000/Data!E14,"") -> 1018169.1 | E14: =IFERROR(Data!F14*1000000/Data!G14,"") -> 977747.81 | F14: =IFERROR(Data!I14/(Data!I14+Data!B14+Data!D14+Data!F14),"") -> 0.29227677 | G14: =IFERROR(Data!B14/(Data!I14+Data!B14+Data!D14+Data!F14),"") -> 0.47554652 | H14: =IFERROR(Data!D14/(Data!I14+Data!B14+Data!D14+Data!F14),"") -> 0.066564634 | I14: =IFERROR(Data!F14/(Data!I14+Data!B14+Data!D14+Data!F14),"") -> 0.16561208 | J14: =IFERROR((Data!I14-Data!I13)/Data!I13,"") -> 0.073225969 | K14: =IFERROR((Data!B14-Data!B13)/Data!B13,"") -> 0.048132112 | L14: =IFERROR((Data!D14-Data!D13)/Data!D13,"") -> 0.018524991 | M14: =IFERROR((Data!F14-Data!F13)/Data!F13,"") -> 0.013419066
A15: =Data!A15 -> 2018 | B15: =IFERROR(Data!I15*1000000/Data!J15,"") -> 20526.214 | C15: =IFERROR(Data!B15*1000000/Data!C15,"") -> 107042.86 | D15: =IFERROR(Data!D15*1000000/Data!E15,"") -> 966016.15 | E15: =IFERROR(Data!F15*1000000/Data!G15,"") -> 445528.85 | F15: =IFERROR(Data!I15/(Data!I15+Data!B15+Data!D15+Data!F15),"") -> 0.31857433 | G15: =IFERROR(Data!B15/(Data!I15+Data!B15+Data!D15+Data!F15),"") -> 0.52185719 | H15: =IFERROR(Data!D15/(Data!I15+Data!B15+Data!D15+Data!F15),"") -> 0.070231659 | I15: =IFERROR(Data!F15/(Data!I15+Data!B15+Data!D15+Data!F15),"") -> 0.089336823 | J15: =IFERROR((Data!I15-Data!I14)/Data!I14,"") -> 0.017819461 | K15: =IFERROR((Data!B15-Data!B14)/Data!B14,"") -> 0.024738207 | L15: =IFERROR((Data!D15-Data!D14)/Data!D14,"") -> -0.014756349 | M15: =IFERROR((Data!F15-Data!F14)/Data!F14,"") -> -0.49627586
A16: =Data!A16 -> 2019 | B16: =IFERROR(Data!I16*1000000/Data!J16,"") -> 18799.918 | C16: =IFERROR(Data!B16*1000000/Data!C16,"") -> 108592.4 | D16: =IFERROR(Data!D16*1000000/Data!E16,"") -> 843708.61 | E16: =IFERROR(Data!F16*1000000/Data!G16,"") -> 420442.93 | F16: =IFERROR(Data!I16/(Data!I16+Data!B16+Data!D16+Data!F16),"") -> 0.31583247 | G16: =IFERROR(Data!B16/(Data!I16+Data!B16+Data!D16+Data!F16),"") -> 0.53398851 | H16: =IFERROR(Data!D16/(Data!I16+Data!B16+Data!D16+Data!F16),"") -> 0.06122498 | I16: =IFERROR(Data!F16/(Data!I16+Data!B16+Data!D16+Data!F16),"") -> 0.088954033 | J16: =IFERROR((Data!I16-Data!I15)/Data!I15,"") -> 0.0092912539 | K16: =IFERROR((Data!B16-Data!B15)/Data!B15,"") -> 0.041719402 | L16: =IFERROR((Data!D16-Data!D15)/Data!D15,"") -> -0.11250435 | M16: =IFERROR((Data!F16-Data!F15)/Data!F15,"") -> 0.013691128
A17: =Data!A17 -> 2020 | B17: =IFERROR(Data!I17*1000000/Data!J17,"") -> 18219.272 | C17: =IFERROR(Data!B17*1000000/Data!C17,"") -> 101260.01 | D17: =IFERROR(Data!D17*1000000/Data!E17,"") -> 747329.77 | E17: =IFERROR(Data!F17*1000000/Data!G17,"") -> 320248.13 | F17: =IFERROR(Data!I17/(Data!I17+Data!B17+Data!D17+Data!F17),"") -> 0.34382602 | G17: =IFERROR(Data!B17/(Data!I17+Data!B17+Data!D17+Data!F17),"") -> 0.5199656 | H17: =IFERROR(Data!D17/(Data!I17+Data!B17+Data!D17+Data!F17),"") -> 0.055019044 | I17: =IFERROR(Data!F17/(Data!I17+Data!B17+Data!D17+Data!F17),"") -> 0.081189335 | J17: =IFERROR((Data!I17-Data!I16)/Data!I16,"") -> 0.064516129 | K17: =IFERROR((Data!B17-Data!B16)/Data!B16,"") -> -0.047833326 | L17: =IFERROR((Data!D17-Data!D16)/Data!D16,"") -> -0.12127159 | M17: =IFERROR((Data!F17-Data!F16)/Data!F16,"") -> -0.10750945
... A22: =Data!A22 -> 2025 | B22: =IFERROR(Data!I22*1000000/Data!J22,"") -> 19188.027 | C22: =IFERROR(Data!B22*1000000/Data!C22,"") -> 122666.58 | D22: =IFERROR(Data!D22*1000000/Data!E22,"") -> 875194.04 | E22: =IFERROR(Data!F22*1000000/Data!G22,"") -> 155132.54 | F22: =IFERROR(Data!I22/(Data!I22+Data!B22+Data!D22+Data!F22),"") -> 0.33924229 | G22: =IFERROR(Data!B22/(Data!I22+Data!B22+Data!D22+Data!F22),"") -> 0.52951542 | H22: =IFERROR(Data!D22/(Data!I22+Data!B22+Data!D22+Data!F22),"") -> 0.049674009 | I22: =IFERROR(Data!F22/(Data!I22+Data!B22+Data!D22+Data!F22),"") -> 0.081568282 | J22: =IFERROR((Data!I22-Data!I21)/Data!I21,"") -> 0.074810183 | K22: =IFERROR((Data!B22-Data!B21)/Data!B21,"") -> 0.041630559 | L22: =IFERROR((Data!D22-Data!D21)/Data!D21,"") -> 0.082981176 | M22: =IFERROR((Data!F22-Data!F21)/Data!F21,"") -> -0.0072914433
A25: Demand Forecast (Linear Trend)
A26: Trend fit on Total Energy Requirement 2008-2025; directional estimate only
A28: Year | B28: Forecast_Total_GWh
A29: 2026 | B29: =FORECAST(A29,Data!$K$5:$K$22,Data!$A$5:$A$22) -> 60960.725
A30: 2027 | B30: =FORECAST(A30,Data!$K$5:$K$22,Data!$A$5:$A$22) -> 62747.135
A31: 2028 | B31: =FORECAST(A31,Data!$K$5:$K$22,Data!$A$5:$A$22) -> 64533.545
A32: 2029 | B32: =FORECAST(A32,Data!$K$5:$K$22,Data!$A$5:$A$22) -> 66319.955
A33: 2030 | B33: =FORECAST(A33,Data!$K$5:$K$22,Data!$A$5:$A$22) -> 68106.364

Sheet Charts
A1: Dubai Energy Consumption — Key Charts
